Workbook
Name NativeTimeline_Date: #N/A
Name Slicer_Zone: #N/A

Sheet smart_meter_dataset
A1: MeterID | B1: Zone | C1: ConsumerType | D1: Date | E1: EnergyConsumed_kWh | F1: PeakUsage_kWh | G1: OutageMinutes | H1: MeterStatus | I1: TariffRate | J1: Month | K1: Year | L1: Cost | M1: Day Type
A2: M1000 | B2: Central | C2: Commercial | D2: 45387 | E2: 85.81 | F2: 1.01 | G2: 106 | H2: Faulty | I2: 3.91 | J2: =TEXT(D2,"mmm") -> Apr | K2: =YEAR(D2) -> 2024 | L2: =E2*I2 -> 335.5171 | M2: =IF(OR(WEEKDAY(D2)=1,WEEKDAY(D2)=7),"Weekend","Weekday") -> Weekday
A3: M1001 | B3: North | C3: Residential | D3: 45587 | E3: 17.95 | F3: 3.01 | G3: 56 | H3: Faulty | I3: 4.81 | J3: =TEXT(D3,"mmm") -> Oct | K3: =YEAR(D3) -> 2024 | L3: =E3*I3 -> 86.3395 | M3: =IF(OR(WEEKDAY(D3)=1,WEEKDAY(D3)=7),"Weekend","Weekday") -> Weekday
A4: M1002 | B4: South | C4: Commercial | D4: 45402 | E4: 6.42 | F4: 9.31 | G4: 118 | H4: Active | I4: 6.48 | J4: =TEXT(D4,"mmm") -> Apr | K4: =YEAR(D4) -> 2024 | L4: =E4*I4 -> 41.6016 | M4: =IF(OR(WEEKDAY(D4)=1,WEEKDAY(D4)=7),"Weekend","Weekday") -> Weekend
A5: M1003 | B5: North | C5: Residential | D5: 45456 | E5: 97.88 | F5: 5.69 | G5: 37 | H5: Faulty | I5: 5.76 | J5: =TEXT(D5,"mmm") -> Jun | K5: =YEAR(D5) -> 2024 | L5: =E5*I5 -> 563.7888 | M5: =IF(OR(WEEKDAY(D5)=1,WEEKDAY(D5)=7),"Weekend","Weekday") -> Weekday
A6: M1004 | B6: North | C6: Commercial | D6: 45334 | E6: 29.49 | F6: 3.11 | G6: 12 | H6: Faulty | I6: 5.97 | J6: =TEXT(D6,"mmm") -> Feb | K6: =YEAR(D6) -> 2024 | L6: =E6*I6 -> 176.0553 | M6: =IF(OR(WEEKDAY(D6)=1,WEEKDAY(D6)=7),"Weekend","Weekday") -> Weekday
A7: M1005 | B7: Central | C7: Commercial | D7: 45373 | E7: 95.67 | F7: 6.34 | G7: 105 | H7: Faulty | I7: 8.94 | J7: =TEXT(D7,"mmm") -> Mar | K7: =YEAR(D7) -> 2024 | L7: =E7*I7 -> 855.2898 | M7: =IF(OR(WEEKDAY(D7)=1,WEEKDAY(D7)=7),"Weekend","Weekday") -> Weekday
A8: M1006 | B8: North | C8: Commercial | D8: 45487 | E8: 13.87 | F8: 2.59 | G8: 56 | H8: Active | I8: 4.53 | J8: =TEXT(D8,"mmm") -> Jul | K8: =YEAR(D8) -> 2024 | L8: =E8*I8 -> 62.8311 | M8: =IF(OR(WEEKDAY(D8)=1,WEEKDAY(D8)=7),"Weekend","Weekday") -> Weekend
A9: M1007 | B9: Central | C9: Industrial | D9: 45312 | E9: 45.04 | F9: 2.57 | G9: 40 | H9: Faulty | I9: 6.43 | J9: =TEXT(D9,"mmm") -> Jan | K9: =YEAR(D9) -> 2024 | L9: =E9*I9 -> 289.6072 | M9: =IF(OR(WEEKDAY(D9)=1,WEEKDAY(D9)=7),"Weekend","Weekday") -> Weekend
A10: M1008 | B10: North | C10: Residential | D10: 45637 | E10: 84.13 | F10: 7.69 | G10: 91 | H10: Active | I10: 4.24 | J10: =TEXT(D10,"mmm") -> Dec | K10: =YEAR(D10) -> 2024 | L10: =E10*I10 -> 356.7112 | M10: =IF(OR(WEEKDAY(D10)=1,WEEKDAY(D10)=7),"Weekend","Weekday") -> Weekday
A11: M1009 | B11: North | C11: Industrial | D11: 45560 | E11: 18.36 | F11: 2.21 | G11: 56 | H11: Active | I11: 9.43 | J11: =TEXT(D11,"mmm") -> Sep | K11: =YEAR(D11) -> 2024 | L11: =E11*I11 -> 173.1348 | M11: =IF(OR(WEEKDAY(D11)=1,WEEKDAY(D11)=7),"Weekend","Weekday") -> Weekday
A12: M1010 | B12: Central | C12: Commercial | D12: 45655 | E12: 75.88 | F12: 7.09 | G12: 44 | H12: Faulty | I12: 9.38 | J12: =TEXT(D12,"mmm") -> Dec | K12: =YEAR(D12) -> 2024 | L12: =E12*I12 -> 711.7544 | M12: =IF(OR(WEEKDAY(D12)=1,WEEKDAY(D12)=7),"Weekend","Weekday") -> Weekend
A13: M1011 | B13: South | C13: Industrial | D13: 45332 | E13: 80.77 | F13: 8.67 | G13: 33 | H13: Faulty | I13: 7.24 | J13: =TEXT(D13,"mmm") -> Feb | K13: =YEAR(D13) -> 2024 | L13: =E13*I13 -> 584.7748 | M13: =IF(OR(WEEKDAY(D13)=1,WEEKDAY(D13)=7),"Weekend","Weekday") -> Weekend
... A901: M1899 | B901: Central | C901: Residential | D901: 45652 | E901: 21.44 | F901: 2.25 | G901: 93 | H901: Faulty | I901: 3.72 | J901: =TEXT(D901,"mmm") -> Dec | K901: =YEAR(D901) -> 2024 | L901: =E901*I901 -> 79.7568 | M901: =IF(OR(WEEKDAY(D901)=1,WEEKDAY(D901)=7),"Weekend","Weekday") -> Weekday

Sheet Sheet1
A1: Total Energy | B1: =SUM(smart_meter_dataset!E2:E901) -> 48589.76 | D1: Pivot 1: Energy by Zone | F1: Row Labels | G1: Sum of EnergyConsumed_kWh
A2: Average energy | B2: =AVERAGE(smart_meter_dataset!E2:E901) -> 53.988622 | F2: Central | G2: 14146.32
A3: Total Outage | B3: =SUM(smart_meter_dataset!G2:G901) -> 53688 | F3: North | G3: 17878.29
A4: Total Revenue | B4: =SUM(smart_meter_dataset!L2:L901) -> 320570.75 | F4: South | G4: 16565.15
F5: Grand Total | G5: 48589.76
A6: Active | B6: =COUNTIF(smart_meter_dataset!H2:H901,"Active") -> 442
A7: Faulty | B7: =COUNTIF(smart_meter_dataset!H3:H902,"Faulty") -> 457
D19: Pivot 2: Monthly Trend | F19: Row Labels | G19: Sum of EnergyConsumed_kWh
F20: Jan | G20: 3673.25
F21: Feb | G21: 3357.58
F22: Mar | G22: 4517.36
F23: Apr | G23: 3816.42
F24: May | G24: 4819.64
F25: Grand Total | G25: 20184.25
D35: Pivot 3: Meter Status Distribution | F35: Count of MeterStatus | G35: Column Labels
F36: Row Labels | G36: Central | H36: North | I36: South | J36: Grand Total
F37: Active | G37: 133 | H37: 158 | I37: 151 | J37: 442
F38: Faulty | G38: 136 | H38: 165 | I38: 157 | J38: 458
F39: Grand Total | G39: 269 | H39: 323 | I39: 308 | J39: 900
D51: Pivot 4: Outage Analysis | F51: Row Labels | G51: Sum of OutageMinutes
F52: Central | G52: 15926
F53: North | G53: 18917
F54: South | G54: 18845
F55: Grand Total | G55: 53688
D66: Pivot 5 | F66: Row Labels | G66: Sum of Cost
F67: Jan | G67: 24143.978
F68: Feb | G68: 21072.549
F69: Mar | G69: 30506.531
F70: Apr | G70: 26462.81
F71: May | G71: 33897.388
F72: Grand Total | G72: 136083.26

Sheet Dashboard
G1: DASHBOARD
A20: Total Energy Consumption | D20: =Sheet1!$B$1 -> 48589.76 | R20: Total Revenue | U20: =Sheet1!$B$4 -> 320570.75
R25: Total Outage | U25: =Sheet1!$B$3 -> 53688
A27: Average Energy Consumption | D27: =Sheet1!$B$2 -> 53.988622
